statement,id,name,constituency_id,constituency,party_id,party,start_date,end_date,term
Q1064368-BDC8DC8B-72ED-4C4B-9767-5B11E184BEB8,Q1064368,Charles Flanagan,Q6487881,Laois,Q247135,Fine Gael,2016-03-10,"",32
Q1064368-C57D7E7F-C92B-48BC-9775-049792BB8D96,Q1064368,Charles Flanagan,Q6487896,Laois–Offaly,Q247135,Fine Gael,2011-03-09,2016-02-03,31
Q10971358-2E49290C-DF5A-4673-9C84-98DE586623C2,Q10971358,Noel Harrington,Q2746787,Cork South–West,Q247135,Fine Gael,2011-03-09,2016-02-03,31
Q1165622-42A71ACB-2F91-4410-946B-FB2BB84D8EB5,Q1165622,Dara Calleary,Q1869725,Mayo,Q216517,Fianna Fáil,2016-03-10,"",32
Q1165622-6EB6FF54-E3DE-48F2-919D-314136D756C4,Q1165622,Dara Calleary,Q1869725,Mayo,Q216517,Fianna Fáil,2011-03-09,2016-02-03,31
Q1166562-60DFC609-C7A5-4658-874B-F94C9AF28A10,Q1166562,Darragh O'Brien,Q20620587,Dublin Fingal,Q216517,Fianna Fáil,2016-03-10,"",32
Q1237573-665B6FCB-AB3C-4260-B7DD-BF6AA7968883,Q1237573,Dominic Hannigan,Q1929591,Meath East,Q503614,Labour Party,2011-03-09,2016-02-03,31
Q1271675-46ceeaf6-4f2b-ffd3-b55b-ccd907b4e65f,Q1271675,Paschal Donohoe,Q2622823,Dublin Central,Q247135,Fine Gael,2016-03-10,"",32
Q1271675-EF7C811B-C7D6-4714-9214-7A5E6D7BDDE5,Q1271675,Paschal Donohoe,Q2622823,Dublin Central,Q247135,Fine Gael,2011-03-09,2016-02-03,31
Q13156969-72A313B4-5DCC-4521-A78C-4EB15AA473F7,Q13156969,Brendan Griffin,Q6394444,Kerry,Q247135,Fine Gael,2016-03-10,"",32
Q13156969-6c65c1de-4879-3153-be28-25f083f1c8cd,Q13156969,Brendan Griffin,Q2408892,Kerry South,Q247135,Fine Gael,2011-03-09,2016-02-03,31
Q13156970-BABBF589-072D-432B-8568-1B0E75FCBF51,Q13156970,Brian Walsh,Q2251639,Galway West,Q247135,Fine Gael,2011-03-09,2013-07-02,31
Q13156970-07f6eeef-4c5e-1c46-fb8f-9c7a7a92d08e,Q13156970,Brian Walsh,Q2251639,Galway West,Q327591,independent politician,2013-07-02,2014-04-30,31
Q13156970-2e3d1765-4e3c-4fb4-4f44-529315ef33aa,Q13156970,Brian Walsh,Q2251639,Galway West,Q247135,Fine Gael,2014-04-30,2016-01-14,31
Q13157455-437168CD-3635-4A38-949F-4D90436BAD56,Q13157455,Joanna Tuffy,Q2641881,Dublin Mid–West,Q503614,Labour Party,2011-03-09,2016-02-03,31
Q13157552-EC4786A7-D548-49D9-84EF-699CEC4D75E0,Q13157552,Maureen O'Sullivan,Q2622823,Dublin Central,Q327591,independent politician,2016-03-10,"",32
Q13157552-31a70def-4ca4-9cb2-ab5c-3cc4d50197e9,Q13157552,Maureen O'Sullivan,Q2622823,Dublin Central,Q327591,independent politician,2011-03-09,2016-02-03,31
Q13157830-83a6efc0-4440-a832-1a13-b535d004a1ba,Q13157830,Stephen Donnelly,Q2380581,Wicklow,Q327591,independent politician,2011-03-09,2016-02-03,31
Q13157830-17dd7710-4d63-6d19-9922-1064d65d1feb,Q13157830,Stephen Donnelly,Q2380581,Wicklow,Q327591,independent politician,2016-09-05,2017-02-02,32
Q13157830-87025e85-49ab-8135-49b6-ed3de893e364,Q13157830,Stephen Donnelly,Q2380581,Wicklow,Q216517,Fianna Fáil,2017-02-02,"",32
Q13157830-20D32A19-A75C-4514-987C-5BEABE025208,Q13157830,Stephen Donnelly,Q2380581,Wicklow,Q20682633,Social Democrats,2016-03-10,2016-09-05,32
Q13157894-BA0D63FE-4F61-48D1-8B37-6D061436343C,Q13157894,Tony McLoughlin,Q54932109,Sligo–Leitrim,Q247135,Fine Gael,2016-03-10,"",32
Q13157894-af8e7195-4345-c0b3-4fb5-b9ae067ad09e,Q13157894,Tony McLoughlin,Q7540535,Sligo–North Leitrim,Q247135,Fine Gael,2011-03-09,2016-02-03,31
Q1345787-C5D7E1DE-E424-4F71-8FC9-8B9B8E0F5620,Q1345787,Marc MacSharry,Q54932109,Sligo–Leitrim,Q216517,Fianna Fáil,2016-03-10,"",32
Q13648706-A1EA0418-37AC-4F93-BBF0-2BBDF1265ED5,Q13648706,Michael Colreavy,Q7540535,Sligo–North Leitrim,Q76382,Sinn Féin,2011-03-09,2016-02-03,31
Q13653269-9A5AA77E-7DAF-4635-A711-EF72D92DD4BA,Q13653269,Nicky McFadden,Q6673850,Longford–Westmeath,Q247135,Fine Gael,2011-03-09,2014-03-25,31
Q1389005-F9F230C7-CD39-4261-B185-A2C5B6CD9BB6,Q1389005,Joe Higgins,Q5310999,Dublin West,Q1549074,Socialist Party,2011-03-09,2016-02-03,31
Q1390670-8681AC80-6A6B-4C2A-B294-E71F2AC545C8,Q1390670,Willie O'Dea,Q6549243,Limerick City,Q216517,Fianna Fáil,2016-03-10,"",32
Q1390670-B8E554BF-EAA2-4264-A814-D1A479F511B4,Q1390670,Willie O'Dea,Q6549243,Limerick City,Q216517,Fianna Fáil,2011-03-09,2016-02-03,31
Q1390688-4D4EF7CC-64FC-42EB-90D0-568152114DB9,Q1390688,Michael Noonan,Q6549243,Limerick City,Q247135,Fine Gael,2011-03-09,2016-02-03,31
Q1390688-1c5abb35-48dd-5c01-6cf3-43fb0b1b4eaa,Q1390688,Michael Noonan,Q6549243,Limerick City,Q247135,Fine Gael,2016-03-10,"",32
Q1443237-5B752277-8EF8-4289-80E2-947D3F543DD9,Q1443237,Frank Feighan,Q7367589,Roscommon–South Leitrim,Q247135,Fine Gael,2011-03-09,2016-02-03,31
Q1499408-429B6380-2BB6-4797-BFF5-41C6CC21CDA6,Q1499408,Shane McEntee,Q1929591,Meath East,Q247135,Fine Gael,2011-03-09,2012-12-21,31
Q1635157-D58E307D-1F17-46C7-AF30-C53E7E69A3CD,Q1635157,Noel Grealish,Q2251639,Galway West,Q327591,independent politician,2016-03-10,"",32
Q1635157-44C746F6-4C72-4CBF-9332-24D2C6EFEC27,Q1635157,Noel Grealish,Q2251639,Galway West,Q327591,independent politician,2011-03-09,2016-02-03,31
Q1670096-86200460-A893-4893-8522-61EAD83E631E,Q1670096,Simon Coveney,Q2635304,Cork South–Central,Q247135,Fine Gael,2011-03-09,2016-02-03,31
Q1670096-2FF01B74-A0C9-42C3-9924-3ACA3A22FD0F,Q1670096,Simon Coveney,Q2635304,Cork South–Central,Q247135,Fine Gael,2016-03-10,"",32
Q16727814-e764ab7e-430f-9032-f5b3-334dede762a6,Q16727814,Seán Canney,Q4568022,Galway East,Q327591,independent politician,2016-03-10,"",32
Q1680465-08BF2817-7DB9-483F-B959-AD590F918034,Q1680465,Michael Lowry,Q3083080,Tipperary North,Q327591,independent politician,2011-03-09,2016-02-03,31
Q1680465-235DE7D1-F82C-47C6-BEB7-775AE8186EAC,Q1680465,Michael Lowry,Q7808886,Tipperary,Q327591,independent politician,2016-03-10,"",32
Q1681029-1259A3F4-B742-43DF-81B2-BDBD56902DD6,Q1681029,James Reilly,Q5310945,Dublin North,Q247135,Fine Gael,2011-03-09,2016-02-03,31
Q16979875-b89f21b4-4846-6424-9ba5-67addc7a87dc,Q16979875,Ruth Coppinger,Q5310999,Dublin West,Q1549074,Socialist Party,2014-05-23,2016-02-03,31
Q16979875-96F47BA0-107C-4E85-B1BB-67BE9232F2C1,Q16979875,Ruth Coppinger,Q5310999,Dublin West,Q21218940,Solidarity–People Before Profit,2016-03-10,"",32
Q16980068-725632BA-7B0A-48F6-8F87-523C44153507,Q16980068,Gabrielle McFadden,Q6673850,Longford–Westmeath,Q247135,Fine Gael,2014-05-23,2016-02-03,31
Q1728820-b1236252-4784-0258-bf83-545bac6f3b2f,Q1728820,Leo Varadkar,Q5310999,Dublin West,Q247135,Fine Gael,2016-03-10,"",32
Q1728820-a983e78e-4e8a-3838-c348-88ac51af054a,Q1728820,Leo Varadkar,Q5310999,Dublin West,Q247135,Fine Gael,2011-03-09,2016-02-03,31
Q1738824-ca09e3f0-4762-fab5-e3e9-e43d9b1fe6dd,Q1738824,Terence Flanagan,Q2336579,Dublin North–East,Q327591,independent politician,2013-07-02,2015-03-13,31
Q1738824-b42aee88-4049-fbd7-3250-30c326d39769,Q1738824,Terence Flanagan,Q2336579,Dublin North–East,Q18720460,Renua Ireland,2015-03-13,2016-02-03,31
Q1738824-DA2C6C6D-79B1-4F84-95CF-339A337EC5E5,Q1738824,Terence Flanagan,Q2336579,Dublin North–East,Q247135,Fine Gael,2011-03-09,2013-07-02,31
Q1792782-62687B8C-3AB7-40FF-8809-1F920F7E1088,Q1792782,Noel Coonan,Q3083080,Tipperary North,Q247135,Fine Gael,2011-03-09,2016-02-03,31
Q18267375-1f063c74-4894-4c9f-39c4-87b81bf356c2,Q18267375,Michael Fitzmaurice,Q7367587,Roscommon–Galway,Q327591,independent politician,2016-03-10,"",32
Q18267375-596d3892-4020-59b0-579e-2a1cc267aa0d,Q18267375,Michael Fitzmaurice,Q7367589,Roscommon–South Leitrim,Q327591,independent politician,2014-10-11,2016-02-03,31
Q19667349-ddf6abd8-425d-a527-cbdc-dcfe38de6e25,Q19667349,Bríd Smith,Q5310969,Dublin South–Central,Q21218940,Solidarity–People Before Profit,2016-03-10,"",32
Q2038800-8FAF7BE6-6543-4FEA-B9F6-A10C53454CBD,Q2038800,Ruairi Quinn,Q5310970,Dublin South–East,Q503614,Labour Party,2011-03-09,2016-02-03,31
Q20744658-4f63bedc-4943-37c2-1b49-ad19d907d92e,Q20744658,Noel Rock,Q2531985,Dublin North–West,Q247135,Fine Gael,2016-03-10,"",32
Q2149121-03A2EA41-3489-40DC-877C-AB372F043039,Q2149121,Richard Boyd Barrett,Q5320426,Dún Laoghaire,Q21218940,Solidarity–People Before Profit,2016-03-10,"",32
Q2149121-42AE97CA-C655-4BD0-8021-909F3822AB3E,Q2149121,Richard Boyd Barrett,Q5320426,Dún Laoghaire,Q3545406,People Before Profit Alliance,2011-03-09,2016-02-03,31
Q2159037-6418057D-5D34-447C-8073-BE530B0CB44B,Q2159037,Robert Troy,Q6673850,Longford–Westmeath,Q216517,Fianna Fáil,2016-03-10,"",32
Q2159037-87D89B5A-C679-421E-80F1-C0F5FC24E60F,Q2159037,Robert Troy,Q6673850,Longford–Westmeath,Q216517,Fianna Fáil,2011-03-09,2016-02-03,31
Q221888-CCB71A46-FAD5-4839-BA26-5E8BC6BA4B82,Q221888,Seán Barrett,Q5320426,Dún Laoghaire,Q1052201,Ceann Comhairle,2016-03-10,"",32
Q221888-A060A7C2-2537-43EB-AD8C-F4C85CC30522,Q221888,Seán Barrett,Q5320426,Dún Laoghaire,Q247135,Fine Gael,2011-03-09,2016-02-03,31
Q2276044-EFDE491C-7F59-4539-A904-92A5D61AE35B,Q2276044,Seán Kenny,Q2336579,Dublin North–East,Q503614,Labour Party,2011-03-09,2016-02-03,31
Q2276876-356D8F93-C43B-4CCF-B89A-D89F67633769,Q2276876,Shane Ross,Q5310953,Dublin Rathdown,Q327591,independent politician,2016-03-10,"",32
Q2276876-8A7388D4-A9D1-4832-AA7A-221DE532B4DD,Q2276876,Shane Ross,Q4429557,Dublin South,Q327591,independent politician,2011-03-09,2016-02-03,31
Q22966979-56bfbb6e-4493-93cd-eaee-edb7a0e22e2a,Q22966979,Catherine Martin,Q5310953,Dublin Rathdown,Q831015,Green Party,2016-03-10,"",32
Q22978595-8555bbb1-4dad-3314-dc38-3aeaac8df5be,Q22978595,Gino Kenny,Q2641881,Dublin Mid–West,Q21218940,Solidarity–People Before Profit,2016-03-10,"",32
Q23006293-e86e60d0-4931-c6bd-3e08-214be62ea2a6,Q23006293,Imelda Munster,Q6689841,Louth,Q76382,Sinn Féin,2016-03-10,"",32
Q23006296-61b32908-48df-7c19-ef6b-1bdf3be117c4,Q23006296,Shane Cassells,Q2040462,Meath West,Q216517,Fianna Fáil,2016-03-10,"",32
Q23006297-066d1741-436d-5624-a7bf-96dd705f547a,Q23006297,Kathleen Funchion,Q3913273,Carlow–Kilkenny,Q76382,Sinn Féin,2016-03-10,"",32
Q23006298-b62c69bc-47a7-6894-ae84-ddb1dc9a6bfa,Q23006298,Michael Harty,Q2570782,Clare,Q327591,independent politician,2016-03-10,"",32
Q23006301-27bfebc7-43e5-915d-c041-e67a5e360872,Q23006301,Frank O'Rourke,Q6406731,Kildare North,Q216517,Fianna Fáil,2016-03-10,"",32
Q23006305-9C564A04-00BF-4655-934F-A03032C5C22A,Q23006305,Maria Bailey,Q5320426,Dún Laoghaire,Q247135,Fine Gael,2016-03-10,"",32
Q23006306-A6711D32-CD4A-488D-8117-771E5D1ED4BA,Q23006306,John Brady,Q2380581,Wicklow,Q76382,Sinn Féin,2016-03-10,"",32
Q23006307-870CEA05-0768-487D-906D-43C32E133515,Q23006307,John Brassil,Q6394444,Kerry,Q216517,Fianna Fáil,2016-03-10,"",32
Q23006308-3A228558-C614-4458-85EC-C27C52C22DA4,Q23006308,Declan Breathnach,Q6689841,Louth,Q216517,Fianna Fáil,2016-03-10,"",32
Q23006310-B92DDB6D-B323-43B6-992A-77F2B533FB9C,Q23006310,Colm Brophy,Q5310971,Dublin South–West,Q247135,Fine Gael,2016-03-10,"",32
Q23006311-C29E4D18-AC9B-44B6-B07C-3883DA0A8CEC,Q23006311,James Browne,Q3458611,Wexford,Q216517,Fianna Fáil,2016-03-10,"",32
Q23006312-6616AF62-F5A3-49F3-89C5-2FF7AEAC27D2,Q23006312,Pat Buckley,Q16951667,Cork East,Q76382,Sinn Féin,2016-03-10,"",32
Q23006313-86EBB471-B5AC-4792-B299-A59FD6FCB940,Q23006313,Peter Burke,Q6673850,Longford–Westmeath,Q247135,Fine Gael,2016-03-10,"",32
Q23006314-68E69418-67C6-4B08-97D0-3491E9110BFD,Q23006314,Mary Butler,Q2109423,Waterford,Q216517,Fianna Fáil,2016-03-10,"",32
Q23006315-A4FE8E7F-2E64-49B9-89FA-921014D221EF,Q23006315,Jackie Cahill,Q7808886,Tipperary,Q216517,Fianna Fáil,2016-03-10,"",32
Q23006316-E0B6F1B7-D124-4F21-BEB0-0426DC3E0B3E,Q23006316,Pat Casey,Q2380581,Wicklow,Q216517,Fianna Fáil,2016-03-10,"",32
Q23006317-C2115DA1-140D-46B3-BED7-51C2878827FC,Q23006317,Lisa Chambers,Q1869725,Mayo,Q216517,Fianna Fáil,2016-03-10,"",32
Q23006318-F680FAC8-3B76-4DE8-A12C-6585231B932B,Q23006318,Jack Chambers,Q5310999,Dublin West,Q216517,Fianna Fáil,2016-03-10,"",32
Q23006319-29B39785-9A5A-4DEE-BDF3-F8BF150F8428,Q23006319,Michael Collins,Q2746787,Cork South–West,Q327591,independent politician,2016-03-10,"",32
Q23006320-F6C01769-B9D9-4EDE-A36B-119E5152FAF2,Q23006320,Danny Healy-Rae,Q6394444,Kerry,Q327591,independent politician,2016-03-10,"",32
Q23006321-C6F1588E-A007-48DA-B97D-147CC0479BF1,Q23006321,Martin Kenny,Q54932109,Sligo–Leitrim,Q76382,Sinn Féin,2016-03-10,"",32
Q23006322-25F763B1-1112-475E-9834-32FC1AD3F3BE,Q23006322,John Lahart,Q5310971,Dublin South–West,Q216517,Fianna Fáil,2016-03-10,"",32
Q23006323-DE0722B9-2D3A-4F6C-9FE4-815333921D4D,Q23006323,James Lawless,Q6406731,Kildare North,Q216517,Fianna Fáil,2016-03-10,"",32
Q23006324-AE0F30DA-A370-472A-8C72-D839166260B8,Q23006324,Josepha Madigan,Q5310953,Dublin Rathdown,Q247135,Fine Gael,2016-03-10,"",32
Q23006325-19EDD70C-0AB0-4A3F-B88B-69077798D0DE,Q23006325,Denise Mitchell,Q5310820,Dublin Bay North,Q76382,Sinn Féin,2016-03-10,"",32
Q23006326-C5841E20-E52C-4B49-A1AF-760E10593B4E,Q23006326,Kevin Moran,Q6673850,Longford–Westmeath,Q327591,independent politician,2016-03-10,"",32
Q23006327-8954FC9C-EADE-41B4-8BD5-83A36FE1BED7,Q23006327,Aindrias Moynihan,Q3147235,Cork North–West,Q216517,Fianna Fáil,2016-03-10,"",32
Q23006328-6A5FBBF1-7376-40B1-8B4A-B2B29E9C3279,Q23006328,Margaret Murphy O'Mahony,Q2746787,Cork South–West,Q216517,Fianna Fáil,2016-03-10,"",32
Q23006329-9E7B9FC9-F1B0-4983-AF3B-B179F045B1DA,Q23006329,Eugene Murphy,Q7367587,Roscommon–Galway,Q216517,Fianna Fáil,2016-03-10,"",32
Q23006330-666E413B-96C5-4043-BB91-210254160EB7,Q23006330,Tom Neville,Q6549251,Limerick County,Q247135,Fine Gael,2016-03-10,"",32
Q23006332-370691E1-A7E5-489A-8294-B902713E422C,Q23006332,Carol Nolan,Q7079018,Offaly,Q76382,Sinn Féin,2016-03-10,2018-03-22,32
Q23006332-87f1854d-42bd-a03d-6e5c-53c15a3d074b,Q23006332,Carol Nolan,Q7079018,Offaly,Q327591,independent politician,2018-03-22,"",32
Q23006333-83D63329-8F90-452E-8691-26814F7D3F5E,Q23006333,Jim O'Callaghan,Q5310822,Dublin Bay South,Q216517,Fianna Fáil,2016-03-10,"",32
Q23006334-D5F13E37-7E3A-4120-8C50-A79DFB67D58D,Q23006334,Kate O'Connell,Q5310822,Dublin Bay South,Q247135,Fine Gael,2016-03-10,"",32
Q23006335-4EEC0D1C-0A42-423B-A7C8-7B8C0DF01419,Q23006335,Kevin O'Keeffe,Q16951667,Cork East,Q216517,Fianna Fáil,2016-03-10,"",32
Q23006336-BDE8A004-BB44-461F-94E3-53E361C2D109,Q23006336,Donnchadh Ó Laoghaire,Q2635304,Cork South–Central,Q76382,Sinn Féin,2016-03-10,"",32
Q23006337-CF59BF90-8D8A-4E21-86C7-C194A42EF520,Q23006337,Fiona O'Loughlin,Q17088606,Kildare South,Q216517,Fianna Fáil,2016-03-10,"",32
Q23006338-1E81CE92-17EF-4536-BE8E-DD8E2FD4A2CB,Q23006338,Louise O'Reilly,Q20620587,Dublin Fingal,Q76382,Sinn Féin,2016-03-10,"",32
Q23006339-F2480F8B-B8E4-4136-8361-00EBE044C2D7,Q23006339,Anne Rabbitte,Q4568022,Galway East,Q216517,Fianna Fáil,2016-03-10,"",32
Q23006341-A1945189-5F25-45DC-BAAC-89BBBC7D4018,Q23006341,Niamh Smyth,Q2701743,Cavan–Monaghan,Q216517,Fianna Fáil,2016-03-10,"",32
Q2434824-A9B0046E-AAE1-400C-B12F-D42B4CBBBB9E,Q2434824,Timmy Dooley,Q2570782,Clare,Q216517,Fianna Fáil,2016-03-10,"",32
Q2434824-CC79CEF4-DC3A-446B-B11B-4539450CBFDC,Q2434824,Timmy Dooley,Q2570782,Clare,Q216517,Fianna Fáil,2011-03-09,2016-02-03,31
Q248784-5eed763d-48ef-ebc3-8e82-9cac60b7a76b,Q248784,Pearse Doherty,Q2669879,Donegal South–West,Q76382,Sinn Féin,2011-03-09,2016-02-03,31
Q248784-CC6D7FC8-2065-4C62-A492-EF3E466449DB,Q248784,Pearse Doherty,Q5295599,Donegal,Q76382,Sinn Féin,2016-03-10,"",32
Q2623867-5CAA99FF-9679-43F3-9D7B-365AAF9EB162,Q2623867,Alex White,Q4429557,Dublin South,Q503614,Labour Party,2011-03-09,2016-02-03,31
Q263894-DC0B8AF9-7F9D-4B39-B428-FC28F866760F,Q263894,John Lyons,Q2531985,Dublin North–West,Q503614,Labour Party,2011-03-09,2016-02-03,31
Q273274-FD0961C8-E83F-4303-8C42-DE77254AA902,Q273274,Éamon Ó Cuív,Q2251639,Galway West,Q216517,Fianna Fáil,2016-03-10,"",32
Q273274-F703DA98-75B7-4EB1-9DDC-39A61D20730B,Q273274,Éamon Ó Cuív,Q2251639,Galway West,Q216517,Fianna Fáil,2011-03-09,2016-02-03,31
Q278178-DABD1016-CD76-4364-99DF-846F7AE3EE0C,Q278178,Seán Haughey,Q5310820,Dublin Bay North,Q216517,Fianna Fáil,2016-03-10,"",32
Q2975532-08671241-3C75-4B57-86D6-803B2CCE0C30,Q2975532,Clare Daly,Q20620587,Dublin Fingal,Q17100320,Independents 4 Change,2016-03-10,"",32
Q2975532-f44d468f-41a1-8454-15e1-6e2b5c1ba8cc,Q2975532,Clare Daly,Q5310945,Dublin North,Q327591,independent politician,2012-08-31,2016-02-03,31
Q2975532-1A42FE50-6CE4-4D70-B96A-B93D231A4469,Q2975532,Clare Daly,Q5310945,Dublin North,Q1549074,Socialist Party,2011-03-09,2012-08-31,31
Q3265837-cd4d1c12-4fa8-7301-9dae-c2a9eda4edf9,Q3265837,Lucinda Creighton,Q5310970,Dublin South–East,Q18720460,Renua Ireland,2015-03-13,2016-02-03,31
Q3265837-5700be29-4bc1-7a2f-43ae-23a6ac2335e2,Q3265837,Lucinda Creighton,Q5310970,Dublin South–East,Q327591,independent politician,2013-07-11,2015-03-13,31
Q3265837-7BC978A3-3E9F-4A09-B9BD-79429A0DEB23,Q3265837,Lucinda Creighton,Q5310970,Dublin South–East,Q247135,Fine Gael,2011-03-09,2013-07-11,31
Q335783-D5E076AE-B4AF-414D-82CF-236C745DA234,Q335783,Michael Conaghan,Q5310969,Dublin South–Central,Q503614,Labour Party,2011-03-09,2016-02-03,31
Q371007-8c9c0f96-409e-9317-35e9-f51f8784e06f,Q371007,Ciarán Cannon,Q4568022,Galway East,Q247135,Fine Gael,2011-03-09,2016-02-03,31
Q371007-90196F8F-2A60-45AA-8D06-98AD23C134F8,Q371007,Ciarán Cannon,Q4568022,Galway East,Q247135,Fine Gael,2016-03-10,"",32
Q3744449-7EF8B0EA-30F8-4829-A5FA-BF8B1CAA55BE,Q3744449,Dinny McGinley,Q2669879,Donegal South–West,Q247135,Fine Gael,2011-03-09,2016-02-03,31
Q3777412-B8F9BA87-D952-4E0F-A730-57F6A56822F2,Q3777412,John Perry,Q7540535,Sligo–North Leitrim,Q247135,Fine Gael,2011-03-09,2016-02-03,31
Q3777426-64F1DE3A-CB4C-4C6F-9CFB-469D5CAEAB6C,Q3777426,Michael Moynihan,Q3147235,Cork North–West,Q216517,Fianna Fáil,2016-03-10,"",32
Q3777426-558483DC-EDE4-4B22-8E7F-8B503FCA7B63,Q3777426,Michael Moynihan,Q3147235,Cork North–West,Q216517,Fianna Fáil,2011-03-09,2016-02-03,31
Q3777436-CADB7C79-7111-4DE7-967F-7E7EB99D36AD,Q3777436,Seán Fleming,Q6487881,Laois,Q216517,Fianna Fáil,2016-03-10,"",32
Q3777436-F0FD17AD-7D38-487B-AAF1-EE84B881145F,Q3777436,Seán Fleming,Q6487896,Laois–Offaly,Q216517,Fianna Fáil,2011-03-09,2016-02-03,31
Q3777446-AF1B0E26-88C2-433C-8A6D-33C755AAF05D,Q3777446,Joe Costello,Q2622823,Dublin Central,Q503614,Labour Party,2011-03-09,2016-02-03,31
Q3777456-A12960C0-4FC8-4CCA-A55F-71B209BDC130,Q3777456,Tommy Broughan,Q5310820,Dublin Bay North,Q17100320,Independents 4 Change,2016-03-10,"",32
Q3777456-fd5d3f15-4c7e-7f82-0370-a03a30f80817,Q3777456,Tommy Broughan,Q2336579,Dublin North–East,Q503614,Labour Party,2011-03-09,2011-12-01,31
Q3777456-bceff20b-486d-653d-3ad9-d10c6c16dbb3,Q3777456,Tommy Broughan,Q2336579,Dublin North–East,Q327591,independent politician,2011-12-01,2016-02-03,31
Q3777461-E568DCB6-96A7-4D2F-9DF7-29FB8A0CC020,Q3777461,Kathleen Lynch,Q2357143,Cork North–Central,Q503614,Labour Party,2011-03-09,2016-02-03,31
Q3777469-13A4833F-3BD9-4CF9-B3A3-D1ECA91DC10C,Q3777469,Paul Kehoe,Q3458611,Wexford,Q247135,Fine Gael,2011-03-09,2016-02-03,31
Q3777469-7F93EF8F-EB6E-4CF3-9EAE-1080A6820FA6,Q3777469,Paul Kehoe,Q3458611,Wexford,Q247135,Fine Gael,2016-03-10,"",32
Q3777472-09EA038D-198F-4594-9093-EE7B7B7948CF,Q3777472,Michael Ring,Q1869725,Mayo,Q247135,Fine Gael,2016-03-10,"",32
Q3777472-D3CE02E7-CC7E-468F-A8DF-2E0AEF59EAA6,Q3777472,Michael Ring,Q1869725,Mayo,Q247135,Fine Gael,2011-03-09,2016-02-03,31
Q3777482-E7B4DBAA-E3BB-41DF-BDEA-D955432346BD,Q3777482,Róisín Shortall,Q2531985,Dublin North–West,Q20682633,Social Democrats,2016-03-10,"",32
Q3777482-c547cbba-41a1-3d25-5fb8-cc8d0533a0ac,Q3777482,Róisín Shortall,Q2531985,Dublin North–West,Q327591,independent politician,2012-09-26,2015-07-15,31
Q3777482-83eb863a-45ea-4f59-c559-1a424c14f91f,Q3777482,Róisín Shortall,Q2531985,Dublin North–West,Q20682633,Social Democrats,2015-07-15,2016-02-03,31
Q3777482-795206D0-121E-4237-A5CA-65779EBEB8B6,Q3777482,Róisín Shortall,Q2531985,Dublin North–West,Q503614,Labour Party,2011-03-09,2012-09-26,31
Q3777488-D9780282-E50D-438A-9728-0D2130F32175,Q3777488,John Browne,Q3458611,Wexford,Q216517,Fianna Fáil,2011-03-09,2016-02-03,31
Q3777521-432A01DB-79D5-46C2-8E2A-CC6C9644C6CD,Q3777521,Billy Timmins,Q2380581,Wicklow,Q247135,Fine Gael,2011-03-09,2013-07-02,31
Q3777521-ad8816e2-4b1c-481a-a94a-efafcd753d40,Q3777521,Billy Timmins,Q2380581,Wicklow,Q327591,independent politician,2013-07-02,2015-03-13,31
Q3777521-75b40b5e-4379-120e-2152-0fd481135eab,Q3777521,Billy Timmins,Q2380581,Wicklow,Q18720460,Renua Ireland,2015-03-13,2016-02-03,31
Q3777541-B393388E-40DA-444B-9DCF-C7E1F5213CDE,Q3777541,Emmet Stagg,Q6406731,Kildare North,Q503614,Labour Party,2011-03-09,2016-02-03,31
Q3777548-A6EE2701-3F0E-442D-B649-1B69C842EBBC,Q3777548,Fergus O'Dowd,Q6689841,Louth,Q247135,Fine Gael,2016-03-10,"",32
Q3777548-BA0D7AF3-3D55-448E-BC4D-094F4D9FBB4F,Q3777548,Fergus O'Dowd,Q6689841,Louth,Q247135,Fine Gael,2011-03-09,2016-02-03,31
Q3777550-4A17791C-7608-49C7-8B79-FCE03D26EED9,Q3777550,Jack Wall,Q17088606,Kildare South,Q503614,Labour Party,2011-03-09,2016-02-03,31
Q3777562-6A57041B-657F-4EE9-B5EC-4929F9E69912,Q3777562,John Deasy,Q2109423,Waterford,Q247135,Fine Gael,2016-03-10,"",32
Q3777562-4C0B8EE3-A2DE-437C-9AF0-E83EE0BCECBC,Q3777562,John Deasy,Q2109423,Waterford,Q247135,Fine Gael,2011-03-09,2016-02-03,31
Q3777584-CCB3A77E-E545-4206-BCAC-A4E9C3DB0F8A,Q3777584,Tom Hayes,Q2739535,Tipperary South,Q247135,Fine Gael,2011-03-09,2016-02-03,31
Q3777594-5F363824-E971-4BF7-8F1B-A1BC48A66C27,Q3777594,Olivia Mitchell,Q4429557,Dublin South,Q247135,Fine Gael,2011-03-09,2016-02-03,31
Q3777612-3593FE61-5D11-4A0E-BCD7-20945C32050A,Q3777612,David Stanton,Q16951667,Cork East,Q247135,Fine Gael,2016-03-10,"",32
Q3777612-AEC44450-22D7-4581-A325-BB9D09A908D9,Q3777612,David Stanton,Q16951667,Cork East,Q247135,Fine Gael,2011-03-09,2016-02-03,31
Q3777896-BFC3732B-D8F9-4859-BD13-CC4C9FECD66C,Q3777896,Damien English,Q2040462,Meath West,Q247135,Fine Gael,2016-03-10,"",32
Q3777896-9CF43A79-83D8-4D3A-9C79-47B189AD6056,Q3777896,Damien English,Q2040462,Meath West,Q247135,Fine Gael,2011-03-09,2016-02-03,31
Q3778169-6B1C3204-89C1-4DAB-BEE4-ECBE34CBAE52,Q3778169,Luke 'Ming' Flanagan,Q7367589,Roscommon–South Leitrim,Q327591,independent politician,2011-03-09,2014-05-26,31
Q380299-D5FCD776-E544-4BEE-A42E-BBD21B2EBC34,Q380299,Dan Neville,Q6549238,Limerick,Q247135,Fine Gael,2011-03-09,2016-02-03,31
Q380301-92C5F4C2-5E1E-4964-B8F7-97CF217AE105,Q380301,Liam Twomey,Q3458611,Wexford,Q247135,Fine Gael,2011-03-09,2016-02-03,31
Q380320-CAC89EB0-7D5D-4CFC-A15F-19B8E270EE7E,Q380320,Bernard Durkan,Q6406731,Kildare North,Q247135,Fine Gael,2016-03-10,"",32
Q380320-04D38ABA-94BB-4980-81C9-B5B060A1BDA4,Q380320,Bernard Durkan,Q6406731,Kildare North,Q247135,Fine Gael,2011-03-09,2016-02-03,31
Q381658-6E5DC3F6-D9FC-4AEA-B987-FD2A5C88CC98,Q381658,Denis Naughten,Q7367587,Roscommon–Galway,Q327591,independent politician,2016-03-10,"",32
Q381658-8C92A934-4148-4E4D-9923-674A869EF1A9,Q381658,Denis Naughten,Q7367589,Roscommon–South Leitrim,Q247135,Fine Gael,2011-03-09,2011-07-07,31
Q381658-8e82876f-4d7d-19e9-6784-01e839826b34,Q381658,Denis Naughten,Q7367589,Roscommon–South Leitrim,Q327591,independent politician,2011-07-07,2016-02-03,31
Q384658-690047A6-A05B-4566-BC79-3F0B8E029B09,Q384658,Anthony Lawlor,Q6406731,Kildare North,Q247135,Fine Gael,2011-03-09,2016-02-03,31
Q444685-0F50030E-043C-4E17-8FBE-FB4CE26F83F2,Q444685,Joan Burton,Q5310999,Dublin West,Q503614,Labour Party,2016-03-10,"",32
Q444685-dc7d09bc-41cc-223b-d0df-71d8372470a0,Q444685,Joan Burton,Q5310999,Dublin West,Q503614,Labour Party,2011-03-09,2016-02-03,31
Q444725-0ADBE6CC-5E86-469C-9012-42970B57FE39,Q444725,Jan O'Sullivan,Q6549243,Limerick City,Q503614,Labour Party,2016-03-10,"",32
Q444725-6dca28d4-4368-aea1-ccde-c056cda912b7,Q444725,Jan O'Sullivan,Q6549243,Limerick City,Q503614,Labour Party,2011-03-09,2016-02-03,31
Q454245-7BC8D956-6A28-450A-B469-F93A382DD208,Q454245,Alan Kelly,Q3083080,Tipperary North,Q503614,Labour Party,2011-03-09,2016-02-03,31
Q454245-be853bd0-4bd4-f3a9-d125-9cabee204ed1,Q454245,Alan Kelly,Q7808886,Tipperary,Q503614,Labour Party,2016-03-10,"",32
Q466028-D4E0C264-2C4B-4192-A1C2-4A69784C05B7,Q466028,Brendan Howlin,Q3458611,Wexford,Q503614,Labour Party,2016-03-10,"",32
Q466028-4BF79F47-F29B-4C97-9F9A-E85B9AD093B9,Q466028,Brendan Howlin,Q3458611,Wexford,Q503614,Labour Party,2011-03-09,2016-02-03,31
Q466044-12350DF7-F14A-4008-A86C-5184DB274500,Q466044,Brendan Smith,Q2701743,Cavan–Monaghan,Q216517,Fianna Fáil,2016-03-10,"",32
Q466044-464e4469-40aa-c39a-3577-d02f407b0c16,Q466044,Brendan Smith,Q2701743,Cavan–Monaghan,Q216517,Fianna Fáil,2011-03-09,2016-02-03,31
Q467414-E43C219A-840F-4D88-8E74-BCE472E6F139,Q467414,Mary Lou McDonald,Q2622823,Dublin Central,Q76382,Sinn Féin,2016-03-10,"",32
Q467414-93511137-4285-422C-ABD8-A3867920C597,Q467414,Mary Lou McDonald,Q2622823,Dublin Central,Q76382,Sinn Féin,2011-03-09,2016-02-03,31
Q4687826-B0BE216F-EEDB-4C3D-8E23-0ACF6EE12E17,Q4687826,Aengus Ó Snodaigh,Q5310969,Dublin South–Central,Q76382,Sinn Féin,2016-03-10,"",32
Q4687826-1306EA2E-6034-44E7-8C65-A9E798F38B19,Q4687826,Aengus Ó Snodaigh,Q5310969,Dublin South–Central,Q76382,Sinn Féin,2011-03-09,2016-02-03,31
Q4706603-E8854835-C1E1-42BC-886A-4DB32D2DC286,Q4706603,Alan Farrell,Q5310945,Dublin North,Q247135,Fine Gael,2011-03-09,2016-02-03,31
Q4706603-D5E7EEC1-43C8-455C-AD28-BA551DF7F40B,Q4706603,Alan Farrell,Q20620587,Dublin Fingal,Q247135,Fine Gael,2016-03-10,"",32
Q4756838-935EFFB0-FF08-44A4-B83B-4619C971CDA2,Q4756838,Andrew Doyle,Q2380581,Wicklow,Q247135,Fine Gael,2011-03-09,2016-02-03,31
Q4756838-67EFEC47-EA0B-471E-8077-A0A7E50B7822,Q4756838,Andrew Doyle,Q2380581,Wicklow,Q247135,Fine Gael,2016-03-10,"",32
Q4766625-2C2DC1CD-B50C-4292-A4AD-1DCF36F4D0C9,Q4766625,Ann Phelan,Q3913273,Carlow–Kilkenny,Q503614,Labour Party,2011-03-09,2016-02-03,31
Q4768330-9F9669E3-3C25-4069-A785-60A5E5BB7141,Q4768330,Anne Ferris,Q2380581,Wicklow,Q503614,Labour Party,2011-03-09,2016-02-03,31
Q4778602-95776B1B-7D35-4A5D-8CF0-AE4906EE1558,Q4778602,Aodhán Ó Ríordáin,Q2913560,Dublin North–Central,Q503614,Labour Party,2011-03-09,2016-02-03,31
Q4800340-1A44A87F-C308-4FB9-B61B-694BBE94CAA3,Q4800340,Arthur Spring,Q6394603,Kerry North–West Limerick,Q503614,Labour Party,2011-03-09,2016-02-03,31
Q4864133-03B7A1BF-BB0C-48C5-8603-B3BC22683334,Q4864133,Barry Cowen,Q7079018,Offaly,Q216517,Fianna Fáil,2016-03-10,"",32
Q4864133-DF8F210E-EDB8-4728-B9A3-56F726753060,Q4864133,Barry Cowen,Q6487896,Laois–Offaly,Q216517,Fianna Fáil,2011-03-09,2016-02-03,31
Q4961087-CF43997B-3740-4010-B02F-C00A0BCD351B,Q4961087,Brendan Ryan,Q20620587,Dublin Fingal,Q503614,Labour Party,2016-03-10,"",32
Q4961087-B2930CCA-03D2-4302-A17A-3991D785262D,Q4961087,Brendan Ryan,Q5310945,Dublin North,Q503614,Labour Party,2011-03-09,2016-02-03,31
Q4963985-8C923D28-7852-4988-AAE4-98B470C1AC5F,Q4963985,Brian Hayes,Q5310971,Dublin South–West,Q247135,Fine Gael,2011-03-09,2014-05-26,31
Q4965374-96A790E2-2EAF-4661-BB4D-156B90D1D41E,Q4965374,Brian Stanley,Q6487881,Laois,Q76382,Sinn Féin,2016-03-10,"",32
Q4965374-138E11E5-A5E7-42C4-9601-218BCB5C0F3D,Q4965374,Brian Stanley,Q6487896,Laois–Offaly,Q76382,Sinn Féin,2011-03-09,2016-02-03,31
Q5034361-B7561307-19B1-4AA5-9ECA-8A5AF85D53F6,Q5034361,Caoimhghín Ó Caoláin,Q2701743,Cavan–Monaghan,Q76382,Sinn Féin,2016-03-10,"",32
Q5034361-259BED1D-719C-415A-93DF-3431F54622C3,Q5034361,Caoimhghín Ó Caoláin,Q2701743,Cavan–Monaghan,Q76382,Sinn Féin,2011-03-09,2016-02-03,31
Q5052598-83D3B670-AA59-496D-BB87-2CD49D278C0B,Q5052598,Catherine Connolly,Q2251639,Galway West,Q327591,independent politician,2016-03-10,"",32
Q5052836-DCD39463-57D8-4BC5-85E9-DC6B204FB091,Q5052836,Catherine Murphy,Q6406731,Kildare North,Q20682633,Social Democrats,2016-03-10,"",32
Q5052836-498FFB33-05E9-493F-AA87-44FD1F61F245,Q5052836,Catherine Murphy,Q6406731,Kildare North,Q327591,independent politician,2011-03-09,2015-07-15,31
Q5052836-84ab1170-48c5-1187-2404-449e1db9682a,Q5052836,Catherine Murphy,Q6406731,Kildare North,Q20682633,Social Democrats,2015-07-15,2016-02-03,31
Q5085220-E28D3EB0-9CF2-4B6F-8A95-877E432415AC,Q5085220,Charlie McConalogue,Q5295599,Donegal,Q216517,Fianna Fáil,2016-03-10,"",32
Q5085220-4F68E90E-5196-4D47-983D-12A052DA3461,Q5085220,Charlie McConalogue,Q2566127,Donegal North–East,Q216517,Fianna Fáil,2011-03-09,2016-02-03,31
Q5119115-007D2FB5-FBB1-42D6-8552-8E03B886A853,Q5119115,Ciara Conway,Q2109423,Waterford,Q503614,Labour Party,2011-03-09,2016-02-03,31
Q5119177-5F074FF9-BF9E-412B-BBC3-F9F5C5EBED6A,Q5119177,Ciarán Lynch,Q2635304,Cork South–Central,Q503614,Labour Party,2011-03-09,2016-02-03,31
Q5147686-DF47BB7F-7A0F-477A-BCAD-49C68D36F839,Q5147686,Colm Keaveney,Q4568022,Galway East,Q503614,Labour Party,2011-03-09,2012-12-13,31
Q5147686-1800f925-44e2-1f2b-2b9e-0498c2d61689,Q5147686,Colm Keaveney,Q4568022,Galway East,Q327591,independent politician,2012-12-13,2013-12-03,31
Q5147686-7839fe4d-4e5e-cbe9-db93-f8c5be4cf7db,Q5147686,Colm Keaveney,Q4568022,Galway East,Q216517,Fianna Fáil,2013-12-03,2016-02-03,31
Q5221987-AD018BB8-67F6-4120-9EA4-F056F4A3EED6,Q5221987,Dara Murphy,Q2357143,Cork North–Central,Q247135,Fine Gael,2016-03-10,"",32
Q5221987-87532CCA-7EC6-4DA0-9021-F8D9017C48E8,Q5221987,Dara Murphy,Q2357143,Cork North–Central,Q247135,Fine Gael,2011-03-09,2016-02-03,31
Q5232711-746BEE3C-3710-4823-AF52-7DD1741EC944,Q5232711,David Cullinane,Q2109423,Waterford,Q76382,Sinn Féin,2016-03-10,"",32
Q5262098-52F4772F-8663-4D07-8063-CB7291D62855,Q5262098,Derek Keating,Q2641881,Dublin Mid–West,Q247135,Fine Gael,2011-03-09,2016-02-03,31
Q5262229-C3B97075-25A6-45D6-9F0D-8DC95C9FE172,Q5262229,Derek Nolan,Q2251639,Galway West,Q503614,Labour Party,2011-03-09,2016-02-03,31
Q5265060-5AD29F9C-E844-4609-B57C-CD3B32EB9674,Q5265060,Dessie Ellis,Q2531985,Dublin North–West,Q76382,Sinn Féin,2016-03-10,"",32
Q5265060-FD354ECB-8D98-4919-8089-452D64225D7C,Q5265060,Dessie Ellis,Q2531985,Dublin North–West,Q76382,Sinn Féin,2011-03-09,2016-02-01,31
Q5277023-F7BE1DCF-F90A-4E67-83D1-401B1D3392CE,Q5277023,Willie Penrose,Q6673850,Longford–Westmeath,Q503614,Labour Party,2016-03-10,"",32
Q5277023-087E3054-710D-431B-9127-B4FCECAB9B04,Q5277023,Willie Penrose,Q6673850,Longford–Westmeath,Q503614,Labour Party,2011-03-09,2011-11-15,31
Q5277023-5a2829cd-4633-e587-ee7f-28239bc47514,Q5277023,Willie Penrose,Q6673850,Longford–Westmeath,Q327591,independent politician,2011-11-15,2013-10-07,31
Q5277023-52746eec-4cc6-2b3f-4b60-a3890dd3baba,Q5277023,Willie Penrose,Q6673850,Longford–Westmeath,Q503614,Labour Party,2013-10-07,2016-03-03,31
Q529364-d162cca8-49e2-8b6d-bdf5-6311717c1eb9,Q529364,Alan Shatter,Q4429557,Dublin South,Q247135,Fine Gael,2011-03-09,2016-02-03,31
Q5325539-B98A88FD-6C6C-43D3-9E39-6948FD50B38C,Q5325539,Eamon Scanlon,Q54932109,Sligo–Leitrim,Q216517,Fianna Fáil,2016-03-10,"",32
Q5325575-73B80FCE-1209-49EF-ABC1-251F99924697,Q5325575,Eamonn Maloney,Q5310971,Dublin South–West,Q503614,Labour Party,2011-03-09,2016-02-03,31
Q5381683-B7DDF985-81E6-4BDA-B587-3F7884210D44,Q5381683,Eoghan Murphy,Q5310822,Dublin Bay South,Q247135,Fine Gael,2016-03-10,"",32
Q5381683-EB54E560-5060-43F4-B718-E363E56F0FB7,Q5381683,Eoghan Murphy,Q5310970,Dublin South–East,Q247135,Fine Gael,2011-03-09,2016-02-03,31
Q5381749-5234BD14-4369-48ED-AE92-0E9E39076215,Q5381749,Eoin Ó Broin,Q2641881,Dublin Mid–West,Q76382,Sinn Féin,2016-03-10,"",32
Q5386225-6207DE8B-5159-4EE4-9818-9F64BA98865A,Q5386225,Eric Byrne,Q5310969,Dublin South–Central,Q503614,Labour Party,2011-03-09,2016-02-03,31
Q540812-DAA75A08-DB64-4B04-9988-37B46567B73A,Q540812,Frances Fitzgerald,Q2641881,Dublin Mid–West,Q247135,Fine Gael,2011-03-09,2016-02-03,31
Q540812-09BAA2C8-BEB9-4029-97AD-6FDBBDC9FCB8,Q540812,Frances Fitzgerald,Q2641881,Dublin Mid–West,Q247135,Fine Gael,2016-03-10,"",32
Q540826-a3614bbd-44e2-814e-5ca6-5ec309a621b4,Q540826,Catherine Byrne,Q5310969,Dublin South–Central,Q247135,Fine Gael,2011-03-09,2016-02-03,31
Q540826-D99F1F61-B21C-4A65-B4DB-031ED12E1E1F,Q540826,Catherine Byrne,Q5310969,Dublin South–Central,Q247135,Fine Gael,2016-03-10,"",32
Q5450326-91C4E38B-DDD1-4597-B6A0-65F876AE76D3,Q5450326,Finian McGrath,Q5310820,Dublin Bay North,Q327591,independent politician,2016-03-10,"",32
Q5450326-6B597754-581E-48B2-8E3E-B71E36A45091,Q5450326,Finian McGrath,Q2913560,Dublin North–Central,Q327591,independent politician,2011-03-09,2016-02-01,31
Q5549440-DD5A651B-530A-4960-8A53-922DA3749A52,Q5549440,Gerald Nash,Q6689841,Louth,Q503614,Labour Party,2011-03-09,2016-02-03,31
Q559402-30B5A56D-6190-47A8-9909-74223EF2FD60,Q559402,Billy Kelleher,Q2357143,Cork North–Central,Q216517,Fianna Fáil,2016-03-10,"",32
Q559402-A9C85EE4-35AA-48B3-A1B5-27C596E1A352,Q559402,Billy Kelleher,Q2357143,Cork North–Central,Q216517,Fianna Fáil,2011-03-09,2016-02-03,31
Q559627-655F2EA0-87B1-4CFD-BD6E-7688340F07B4,Q559627,Jimmy Deenihan,Q6394603,Kerry North–West Limerick,Q247135,Fine Gael,2011-03-09,2016-02-03,31
Q559638-0ebc79f0-4cb1-1b25-737b-f4997430dbf9,Q559638,Pat Breen,Q2570782,Clare,Q247135,Fine Gael,2011-03-09,2016-02-03,31
Q559638-6B4A49EC-D6DD-41EA-AE90-708780B054C9,Q559638,Pat Breen,Q2570782,Clare,Q247135,Fine Gael,2016-03-10,"",32
Q560453-4336498d-4e62-b9ec-5a50-7557aecd59fa,Q560453,Pat Rabbitte,Q5310971,Dublin South–West,Q503614,Labour Party,2011-03-09,2016-02-03,31
Q5693903-F02C4BEC-A097-41E3-B3FA-E2D61B9F2BCC,Q5693903,Heather Humphreys,Q2701743,Cavan–Monaghan,Q247135,Fine Gael,2011-03-09,2016-02-03,31
Q5693903-7573FC15-02B9-4E9E-9E1F-76554AE9BCD4,Q5693903,Heather Humphreys,Q2701743,Cavan–Monaghan,Q247135,Fine Gael,2016-03-10,"",32
Q5761616-395b4ee7-4131-0a27-dcbd-3d473197988f,Q5761616,Hildegarde Naughton,Q2251639,Galway West,Q247135,Fine Gael,2016-03-10,"",32
Q57815-08951DE3-FB42-468E-9D5C-F1FCF49EE282,Q57815,Enda Kenny,Q1869725,Mayo,Q247135,Fine Gael,2016-03-10,"",32
Q57815-21f25baa-4945-fef8-97de-c5de89c4e8c1,Q57815,Enda Kenny,Q1869725,Mayo,Q247135,Fine Gael,2011-03-09,2016-02-03,31
Q6129349-D77611CB-0CFE-4019-A30C-7BA1745524A9,Q6129349,James Bannon,Q6673850,Longford–Westmeath,Q247135,Fine Gael,2011-03-09,2016-02-03,31
Q616919-14FEA66F-0244-49D4-8A92-30CDCBD9AB6F,Q616919,Paul Murphy,Q5310971,Dublin South–West,Q21218940,Solidarity–People Before Profit,2016-03-10,"",32
Q616919-6cc81d8a-42eb-1534-20c2-bc26d0068b37,Q616919,Paul Murphy,Q5310971,Dublin South–West,Q16000050,Solidarity,2014-10-11,2016-02-03,31
Q6183343-AAFFC932-BD8F-4136-A83F-60D4D34EA620,Q6183343,Jerry Buttimer,Q2635304,Cork South–Central,Q247135,Fine Gael,2011-03-09,2016-02-03,31
Q6194524-F8C1F0B9-88B7-4D07-82C4-67C3533A99C1,Q6194524,Jim Daly,Q2746787,Cork South–West,Q247135,Fine Gael,2011-03-09,2011-02-03,31
Q6194524-8D2249A0-DAEA-4E69-B4B6-C3CEA7249F6E,Q6194524,Jim Daly,Q2746787,Cork South–West,Q247135,Fine Gael,2016-03-10,"",32
Q6204959-C25FC56B-9AC4-4675-AA30-AB0A4F5CB5D3,Q6204959,Joan Collins,Q5310969,Dublin South–Central,Q17100320,Independents 4 Change,2016-03-10,"",32
Q6204959-a1ba2667-48dd-d4c6-7b41-adc6e2c93a41,Q6204959,Joan Collins,Q5310969,Dublin South–Central,Q327591,independent politician,2013-04-25,2016-02-03,31
Q6204959-F348C8D6-A610-44E4-8B1C-80BD75EB44D7,Q6204959,Joan Collins,Q5310969,Dublin South–Central,Q3545406,People Before Profit Alliance,2011-03-09,2013-04-25,31
Q6209000-1314BA20-721D-4E62-99EA-17D9C1A5219C,Q6209000,Joe Carey,Q2570782,Clare,Q247135,Fine Gael,2011-03-09,2016-02-03,31
Q6209000-0B19D3D6-358C-4390-887E-D0F66AE7D7E5,Q6209000,Joe Carey,Q2570782,Clare,Q247135,Fine Gael,2016-03-10,"",32
Q6211254-1D39D902-AD7E-41BB-9032-CC112D653A89,Q6211254,Joe McHugh,Q5295599,Donegal,Q247135,Fine Gael,2016-03-10,"",32
Q6211254-57F23E7A-E5E8-4BD2-8F2C-DFB7B874E046,Q6211254,Joe McHugh,Q2566127,Donegal North–East,Q247135,Fine Gael,2011-03-09,2016-02-03,31
Q6211607-7ED79667-EB09-4764-A42A-FB2109A47F9C,Q6211607,Joe O'Reilly,Q2701743,Cavan–Monaghan,Q247135,Fine Gael,2011-03-09,2016-02-03,31
Q6227930-3AAD2E20-47CD-4F84-BCEB-56A3A59ECF83,Q6227930,John Curran,Q2641881,Dublin Mid–West,Q216517,Fianna Fáil,2016-03-10,"",32
Q6237376-2F7CCF1D-A6E0-442C-BCF1-BFC46D9DD9B8,Q6237376,John Halligan,Q2109423,Waterford,Q327591,independent politician,2016-03-10,"",32
Q6237376-88DA901C-5DB9-4117-A8A2-DE1FBBDA7EE8,Q6237376,John Halligan,Q2109423,Waterford,Q327591,independent politician,2011-03-09,2016-02-03,31
Q6241177-0308002B-8CA4-4DEC-A78A-CFEF4B352AFD,Q6241177,John J. McGuinness,Q3913273,Carlow–Kilkenny,Q216517,Fianna Fáil,2016-03-10,"",32
Q6241177-5D066BC2-BD5E-427C-96AD-70A6A1CCCF10,Q6241177,John J. McGuinness,Q3913273,Carlow–Kilkenny,Q216517,Fianna Fáil,2011-03-09,2016-02-03,31
Q6250954-0C26DD06-7C05-4E74-A24F-037DAD096314,Q6250954,John O'Mahony,Q1869725,Mayo,Q247135,Fine Gael,2011-03-09,2016-02-03,31
Q6252268-8B365810-959C-4E92-A711-52CE7B11BE58,Q6252268,John Paul Phelan,Q3913273,Carlow–Kilkenny,Q247135,Fine Gael,2016-03-10,"",32
Q6252268-7F5906E5-B847-42F3-8012-BE7796F594A7,Q6252268,John Paul Phelan,Q3913273,Carlow–Kilkenny,Q247135,Fine Gael,2011-03-09,2016-02-03,31
Q6274034-CDB6C332-04B7-46C5-97E2-CC062645ACFF,Q6274034,Jonathan O'Brien,Q2357143,Cork North–Central,Q76382,Sinn Féin,2016-03-10,"",32
Q6274034-A560F6AF-479B-4BD3-9512-C281A8BF2B68,Q6274034,Jonathan O'Brien,Q2357143,Cork North–Central,Q76382,Sinn Féin,2011-03-09,2016-02-03,31
Q631505-2D78C81D-F378-4E5E-A8B6-749EDC7932B3,Q631505,Michael P. Kitt,Q4568022,Galway East,Q216517,Fianna Fáil,2011-03-09,2016-02-03,31
Q6376580-ef6d0e24-4c4f-d863-bfae-8dde6b69aa8f,Q6376580,Katherine Zappone,Q5310971,Dublin South–West,Q327591,independent politician,2016-03-10,"",32
Q6396541-B6210E5A-A392-434E-AEE6-AC190AED36F9,Q6396541,Kevin Humphreys,Q5310970,Dublin South–East,Q503614,Labour Party,2011-03-09,2016-02-03,31
Q6405442-D39AF60F-A28E-442B-ADE6-E6890CC5D6A9,Q6405442,Kieran O'Donnell,Q6549243,Limerick City,Q247135,Fine Gael,2011-03-09,2016-02-03,31
Q6756353-D7505F30-83DF-479E-96CA-33562495FF7C,Q6756353,Marcella Corcoran Kennedy,Q7079018,Offaly,Q247135,Fine Gael,2016-03-10,"",32
Q6756353-6C7ACC1E-33CF-4A4F-AEE4-6B8C09E42F2B,Q6756353,Marcella Corcoran Kennedy,Q6487896,Laois–Offaly,Q247135,Fine Gael,2011-03-09,2016-02-03,31
Q6775424-C603C301-6CE1-4073-864E-3E46AD77F682,Q6775424,Martin Ferris,Q6394444,Kerry,Q76382,Sinn Féin,2016-03-10,"",32
Q6775424-B466C66C-6FA5-49FD-9341-09615D8FF152,Q6775424,Martin Ferris,Q6394603,Kerry North–West Limerick,Q76382,Sinn Féin,2011-03-09,2016-02-03,31
Q6775671-B76803D2-F3F0-45FB-9B22-4366F2528E5D,Q6775671,Martin Heydon,Q17088606,Kildare South,Q247135,Fine Gael,2011-03-09,2016-02-03,31
Q6775671-B08C6741-8AA8-4298-97E9-D6E5B6C2438D,Q6775671,Martin Heydon,Q17088606,Kildare South,Q247135,Fine Gael,2016-03-10,"",32
Q6780355-6b0a2095-44d2-7521-1c96-2476d7b29f9d,Q6780355,Mary Mitchell O'Connor,Q5320426,Dún Laoghaire,Q247135,Fine Gael,2016-03-10,"",32
Q6780355-123A961F-9C30-4C8C-8544-E0662242C7FA,Q6780355,Mary Mitchell O'Connor,Q5320426,Dún Laoghaire,Q247135,Fine Gael,2011-03-09,2016-02-03,31
Q6791813-6E433805-4BD8-41FD-B469-AA36FC5737D1,Q6791813,Mattie McGrath,Q7808886,Tipperary,Q327591,independent politician,2016-03-10,"",32
Q6791813-63B43EFF-5171-47E3-ADC8-A909233CC753,Q6791813,Mattie McGrath,Q2739535,Tipperary South,Q327591,independent politician,2011-03-09,2016-02-03,31
Q6793427-74BB0C30-D2F8-4865-B7A3-54C4BF5466F4,Q6793427,Maurice Quinlivan,Q6549243,Limerick City,Q76382,Sinn Féin,2016-03-10,"",32
Q6829535-2C78602C-FB1A-413A-B0C3-171E757DDAD7,Q6829535,Michael Creed,Q3147235,Cork North–West,Q247135,Fine Gael,2011-03-09,2016-02-03,31
Q6829535-BC49C706-3A5A-41DD-ACC0-A8C2C4246FDC,Q6829535,Michael Creed,Q3147235,Cork North–West,Q247135,Fine Gael,2016-03-10,"",32
Q6831036-4b845a12-41be-bcef-1069-f615e23ff5c9,Q6831036,Michael Healy-Rae,Q6394444,Kerry,Q327591,independent politician,2016-03-10,"",32
Q6831036-B7ED986A-ED88-4E19-A742-CF4679A5C74B,Q6831036,Michael Healy-Rae,Q2408892,Kerry South,Q327591,independent politician,2011-03-09,2016-02-03,31
Q6832633-9E57EE74-9D1D-4AFF-912E-DA2154886D54,Q6832633,Michael McCarthy,Q2746787,Cork South–West,Q503614,Labour Party,2011-03-09,2016-02-03,31
Q6832712-E5E05183-BEDB-42A6-8FF8-7509A7027BB1,Q6832712,Michael McGrath,Q2635304,Cork South–Central,Q216517,Fianna Fáil,2016-03-10,"",32
Q6832712-17D9028E-26E1-41D1-AD14-EBEAD30BD45C,Q6832712,Michael McGrath,Q2635304,Cork South–Central,Q216517,Fianna Fáil,2011-03-09,2016-02-03,31
Q6832776-d7224e3e-4479-e0a6-1433-f87b3c4ad338,Q6832776,Michael McNamara,Q2570782,Clare,Q327591,independent politician,2015-05-30,2015-09-15,31
Q6832776-9e99ad23-4157-48d0-d331-9ded28719883,Q6832776,Michael McNamara,Q2570782,Clare,Q503614,Labour Party,2015-09-16,2016-02-03,31
Q6832776-370DD837-5E07-43ED-9F84-5331D5BCA7E1,Q6832776,Michael McNamara,Q2570782,Clare,Q503614,Labour Party,2011-03-09,2015-05-29,31
Q6835128-6AEAD031-738C-4029-8754-24E0C524EEA6,Q6835128,Michael W. D'Arcy,Q3458611,Wexford,Q247135,Fine Gael,2016-03-10,"",32
Q6837190-0059D5A7-6924-4475-898D-AFA8403521BD,Q6837190,Michelle Mulherin,Q1869725,Mayo,Q247135,Fine Gael,2011-03-09,2016-02-03,31
Q6838053-EA17D378-9143-4835-9BCF-A70E82750FDE,Q6838053,Mick Barry,Q2357143,Cork North–Central,Q21218940,Solidarity–People Before Profit,2016-03-10,"",32
Q6838473-077AE03A-CF1C-42CA-BAFE-B5F26CBA74EF,Q6838473,Mick Wallace,Q3458611,Wexford,Q17100320,Independents 4 Change,2016-03-10,"",32
Q6838473-BF253C9F-9406-42C0-B615-2382400A679D,Q6838473,Mick Wallace,Q3458611,Wexford,Q327591,independent politician,2011-03-09,2016-02-03,31
Q7023861-7DD68FC9-8C7C-4EC3-A6BC-96A5C10DB2E9,Q7023861,Niall Collins,Q6549251,Limerick County,Q216517,Fianna Fáil,2016-03-10,"",32
Q7023861-1958FA5C-ADBA-45D1-B62F-0AE475F0123C,Q7023861,Niall Collins,Q6549238,Limerick,Q216517,Fianna Fáil,2011-03-09,2016-02-03,31
Q7143361-2DEB8D85-02CF-4900-B129-90DC28951DD8,Q7143361,Pat Deering,Q3913273,Carlow–Kilkenny,Q247135,Fine Gael,2011-03-09,2016-02-03,31
Q7143361-2D4D5718-9501-4394-9DD7-9CB9E81827F6,Q7143361,Pat Deering,Q3913273,Carlow–Kilkenny,Q247135,Fine Gael,2016-03-10,"",32
Q7147356-6F274833-2176-46B5-B49A-BA36EFA37C72,Q7147356,Patrick Nulty,Q5310999,Dublin West,Q503614,Labour Party,2011-10-29,2011-12-06,31
Q7147356-d0e5bbeb-4037-dbc3-7a72-eda86663103f,Q7147356,Patrick Nulty,Q5310999,Dublin West,Q327591,independent politician,2011-12-06,2014-03-22,31
Q7147378-C0DC2C64-AC31-4781-B297-30D6272F7A29,Q7147378,Patrick O'Donovan,Q6549251,Limerick County,Q247135,Fine Gael,2016-03-10,"",32
Q7147378-A212C7C3-AD9E-4374-B37B-1CAF8A6CBB76,Q7147378,Patrick O'Donovan,Q6549238,Limerick,Q247135,Fine Gael,2011-03-09,2016-02-03,31
Q7148855-08899906-53CC-422D-A273-2A4435949AB2,Q7148855,Paudie Coffey,Q2109423,Waterford,Q247135,Fine Gael,2011-03-09,2016-02-03,31
Q7149927-0FB836BA-C14A-4BA9-8F75-EF130CCD5D43,Q7149927,"Paul Connaughton, Jnr",Q4568022,Galway East,Q247135,Fine Gael,2011-03-09,2016-02-03,31
Q7157787-0418A630-E655-4E8E-904A-4FEE7A6169F0,Q7157787,Peadar Tóibín,Q2040462,Meath West,Q76382,Sinn Féin,2016-03-10,"",32
Q7157787-6D923D48-B2FA-422A-BFCA-4D2F4F47194D,Q7157787,Peadar Tóibín,Q2040462,Meath West,Q76382,Sinn Féin,2011-03-09,2016-02-03,31
Q7174004-7AE440D2-6DB4-4ED1-9334-FDCF04F6484F,Q7174004,Peter Fitzpatrick,Q6689841,Louth,Q247135,Fine Gael,2016-03-10,"",32
Q7174004-C0CC4765-DEA0-4329-8B62-A706F81B2516,Q7174004,Peter Fitzpatrick,Q6689841,Louth,Q247135,Fine Gael,2011-03-09,2016-02-03,31
Q7175706-12927184-4984-0328-4868-1c1e56cdfda3,Q7175706,Peter Mathews,Q4429557,Dublin South,Q327591,independent politician,2013-07-02,2016-02-03,31
Q7175706-51FD57F6-3521-478F-B666-19E265B80B39,Q7175706,Peter Mathews,Q4429557,Dublin South,Q247135,Fine Gael,2011-03-09,2013-07-02,31
Q7264002-DA706F20-EF79-4FC6-A40B-E325319947AF,Q7264002,Pádraig Mac Lochlainn,Q2566127,Donegal North–East,Q76382,Sinn Féin,2011-03-09,2016-02-03,31
Q7297275-6BAC9BAD-4805-41DD-A0EB-DFC1CD02163F,Q7297275,Ray Butler,Q2040462,Meath West,Q247135,Fine Gael,2011-03-09,2016-02-03,31
Q7308461-CB076C6B-AA88-43C7-964C-430A36059F9E,Q7308461,Regina Doherty,Q1929591,Meath East,Q247135,Fine Gael,2011-03-09,2016-02-03,31
Q7308461-7DF98606-1D08-4AB1-94D5-70F9E95EDC89,Q7308461,Regina Doherty,Q1929591,Meath East,Q247135,Fine Gael,2016-03-10,"",32
Q7343623-A0B58FA5-8FAF-46F0-9B55-436027B91EA7,Q7343623,Robert Dowds,Q2641881,Dublin Mid–West,Q503614,Labour Party,2011-03-09,2016-02-03,31
Q7416710-509E3137-4545-4566-BA6B-40C849EE6022,Q7416710,Sandra McLellan,Q16951667,Cork East,Q76382,Sinn Féin,2011-03-09,2016-02-03,31
Q7459491-d19a1e58-4845-6c8d-993e-4c08079b9d4c,Q7459491,Seán Conlan,Q2701743,Cavan–Monaghan,Q327591,independent politician,2015-11-25,2016-02-03,31
Q7459491-D6BD3869-2BEA-4C0B-998B-5F3571DF81A1,Q7459491,Seán Conlan,Q2701743,Cavan–Monaghan,Q247135,Fine Gael,2011-03-09,2015-11-24,31
Q7459496-2AF9BEB3-10B6-4373-94A7-01698FF1368B,Q7459496,Seán Crowe,Q5310971,Dublin South–West,Q76382,Sinn Féin,2011-03-09,2016-02-03,31
Q7459496-34054fe6-4a39-0272-2d7c-e2708cd78709,Q7459496,Seán Crowe,Q5310971,Dublin South–West,Q76382,Sinn Féin,2016-03-10,"",32
Q7459544-4BC9F450-8C8A-4610-A155-9055DEB5953D,Q7459544,Seán Kyne,Q2251639,Galway West,Q247135,Fine Gael,2016-03-10,"",32
Q7459544-53a467e4-4b4e-31ae-17a5-8a8f01c1ce9f,Q7459544,Seán Kyne,Q2251639,Galway West,Q247135,Fine Gael,2011-03-09,2016-02-03,31
Q7459604-48AE6E38-8CF9-4ADD-B6FB-83210DC12289,Q7459604,Seán Sherlock,Q16951667,Cork East,Q503614,Labour Party,2016-03-10,"",32
Q7459604-b4fe1217-4741-89c1-2e73-d65f26d016a2,Q7459604,Seán Sherlock,Q16951667,Cork East,Q503614,Labour Party,2011-03-09,2016-02-03,31
Q7459627-C1C5E47E-74DA-47B5-8934-D0116D9873B0,Q7459627,Seán Ó Fearghaíl,Q17088606,Kildare South,Q216517,Fianna Fáil,2016-03-10,"",32
Q7459627-f70e5465-4e00-c4a5-bb42-f4b767555f00,Q7459627,Seán Ó Fearghaíl,Q17088606,Kildare South,Q216517,Fianna Fáil,2011-03-09,2016-02-03,31
Q7518922-e6882347-480d-b2b2-5699-c8684bf468e4,Q7518922,Simon Harris,Q2380581,Wicklow,Q247135,Fine Gael,2016-03-10,"",32
Q7518922-72822EB7-9F69-4336-AD4F-2D014C6FD31A,Q7518922,Simon Harris,Q2380581,Wicklow,Q247135,Fine Gael,2011-03-09,2016-02-03,31
Q76139-07f5e4c0-4905-ca9f-733a-da7486a1dcac,Q76139,Gerry Adams,Q6689841,Louth,Q76382,Sinn Féin,2011-03-09,2016-02-03,31
Q76139-6D34FE78-9885-4C9D-9304-7522BBAC769A,Q76139,Gerry Adams,Q6689841,Louth,Q76382,Sinn Féin,2016-03-10,"",32
Q7665856-398C905E-0332-451E-8C58-8B74F3909635,Q7665856,Séamus Healy,Q7808886,Tipperary,Q4118799,Workers and Unemployed Action Group,2016-03-10,"",32
Q7665856-bc67c8d4-43c9-aeea-40e7-ff41e34622a9,Q7665856,Séamus Healy,Q2739535,Tipperary South,Q4118799,Workers and Unemployed Action Group,2011-03-09,2016-02-03,31
Q7788105-AE948493-E69F-419C-965B-E827596924F1,Q7788105,Thomas Byrne,Q1929591,Meath East,Q216517,Fianna Fáil,2016-03-10,"",32
Q7793298-D0FDC4F4-AE00-44A6-B029-38B3262FB850,Q7793298,Thomas Pringle,Q5295599,Donegal,Q327591,independent politician,2016-03-10,"",32
Q7793298-42b85ace-45dc-e046-a3b1-4b431a967617,Q7793298,Thomas Pringle,Q2669879,Donegal South–West,Q327591,independent politician,2011-03-09,2016-02-03,31
Q7814890-9AE5F3B6-C174-4D3B-9368-2570A2D5913C,Q7814890,Tom Barry,Q16951667,Cork East,Q247135,Fine Gael,2011-03-09,2016-02-03,31
Q7815805-0CA25C33-4312-4EAB-AFAA-9E62E3DA5A3D,Q7815805,Tom Fleming,Q2408892,Kerry South,Q327591,independent politician,2011-03-09,2016-02-03,31
Q8076620-2CCEB2DC-FA9F-4092-8671-EEE06BCA064C,Q8076620,Áine Collins,Q3147235,Cork North–West,Q247135,Fine Gael,2011-03-09,2016-02-03,31
Q888438-4BFEEEDA-D1DD-484E-9955-DE747A0CA7AB,Q888438,Bobby Aylward,Q3913273,Carlow–Kilkenny,Q216517,Fianna Fáil,2016-03-10,"",32
Q888438-A31E5B9E-B3DA-4CC3-8F96-205F68928B85,Q888438,Bobby Aylward,Q3913273,Carlow–Kilkenny,Q216517,Fianna Fáil,2015-05-23,2016-02-03,31
Q8939886-D959C7C2-5036-4454-9202-F278C59FFFEF,Q8939886,Helen McEntee,Q1929591,Meath East,Q247135,Fine Gael,2016-03-10,"",32
Q8939886-1cb81c24-46a5-704a-131b-e0d8044cd875,Q8939886,Helen McEntee,Q1929591,Meath East,Q247135,Fine Gael,2013-03-27,2016-02-03,31
Q912430-71D27F14-A4E6-4235-9E5E-821AC453B079,Q912430,"Brian Lenihan, Jnr",Q5310999,Dublin West,Q216517,Fianna Fáil,2011-03-09,2011-06-10,31
Q920195-BC315929-6A67-4034-B30B-C5718212FF19,Q920195,Eamon Ryan,Q5310822,Dublin Bay South,Q831015,Green Party,2016-03-10,"",32
Q920403-36196E42-D473-44DD-9BE1-55178186EDA5,Q920403,Micheál Martin,Q2635304,Cork South–Central,Q216517,Fianna Fáil,2016-03-10,"",32
Q920403-CDB2594F-2678-4108-8149-86DE2A29CD70,Q920403,Micheál Martin,Q2635304,Cork South–Central,Q216517,Fianna Fáil,2011-03-09,2016-02-03,31
Q981847-da69e757-4e44-b794-2add-36d98c4f3b96,Q981847,Richard Bruton,Q2913560,Dublin North–Central,Q247135,Fine Gael,2011-03-09,2016-02-03,31
Q981847-0c918e45-4736-1d13-cd42-bb7d76f6f79a,Q981847,Richard Bruton,Q5310820,Dublin Bay North,Q247135,Fine Gael,2016-03-10,"",32
Q981866-2570805F-8E08-4808-AD94-E107ADD57B4B,Q981866,Pat the Cope Gallagher,Q5295599,Donegal,Q216517,Fianna Fáil,2016-03-10,"",32
Q981878-59FA940A-7E5F-4D69-A939-411BB02F2A12,Q981878,Séamus Kirk,Q6689841,Louth,Q216517,Fianna Fáil,2011-03-09,2016-02-03,31
Q982225-238FE623-C5C1-409E-91B4-B7937DF8094E,Q982225,Eamon Gilmore,Q5320426,Dún Laoghaire,Q503614,Labour Party,2011-03-09,2016-02-03,31
Q983508-5e9295a8-4a64-2a82-01c6-a557a1e63171,Q983508,Phil Hogan,Q3913273,Carlow–Kilkenny,Q247135,Fine Gael,2011-03-09,2014-10-30,31
